route	trip	stop	timestamp	arrival	isValid
G	131276_G..S	F25S	1522376959	1522376887	true
G	131276_G..S	F26S	1522376974	1522376962	false
G	131276_G..S	F27S	1522376974	1522377050	false
G	132003_G..S	F23S	1522376974	1522376962	false
G	132003_G..S	F24S	1522376974	1522377029	false
G	132003_G..S	F25S	1522376974	1522377119	false
G	132003_G..S	F26S	1522377439	1522377367	false
G	132003_G..S	F27S	1522377439	1522377496	false
G	131513_G..N	G24N	1522376974	1522376962	false
G	131513_G..N	G22N	1522376974	1522377029	false
G	132600_G..N	G33N	1522376974	1522376962	false
G	132600_G..N	G32N	1522376974	1522377029	false
G	132600_G..N	G31N	1522376974	1522377119	false
G	132600_G..N	G30N	1522376974	1522377179	false
G	132600_G..N	G29N	1522377409	1522377342	true
G	132600_G..N	G28N	1522377499	1522377492	true
G	132600_G..N	G26N	1522377649	1522377577	true
G	132600_G..N	G24N	1522377784	1522377767	true
G	132600_G..N	G22N	1522377814	1522377787	true
G	132838_G..S	F20S	1522376974	1522376952	false
G	132838_G..S	F21S	1522376974	1522377033	false
G	132838_G..S	F22S	1522377394	1522377382	true
G	132838_G..S	F23S	1522377529	1522377492	true
G	132838_G..S	F24S	1522377619	1522377592	true
G	132838_G..S	F25S	1522377799	1522377707	true
G	132838_G..S	F26S	1522377949	1522377877	true
G	132838_G..S	F27S	1522377964	1522377939	true
G	133650_G..S	G33S	1522376974	1522376962	false
G	133650_G..S	G34S	1522376974	1522377029	false
G	133650_G..S	G35S	1522376974	1522377119	false
G	133650_G..S	G36S	1522376974	1522377209	false
G	133650_G..S	A42S	1522377379	1522377362	true
G	133650_G..S	F20S	1522377484	1522377462	true
G	133650_G..S	F21S	1522377574	1522377552	true
G	133650_G..S	F22S	1522377649	1522377637	true
G	133650_G..S	F23S	1522377784	1522377747	true
G	133650_G..S	F24S	1522377889	1522377857	true
G	133650_G..S	F25S	1522378024	1522377957	true
G	133650_G..S	F26S	1522378324	1522378272	false
G	133650_G..S	F27S	1522378324	1522378372	false
G	133800_G..N	F22N	1522376974	1522376962	false
G	133800_G..N	F21N	1522376974	1522377029	false
G	133800_G..N	F20N	1522376974	1522377119	false
G	133800_G..N	A42N	1522377394	1522377362	true
G	133800_G..N	G36N	1522377484	1522377467	true
G	133800_G..N	G35N	1522377604	1522377587	true
G	133800_G..N	G34N	1522377679	1522377667	true
G	133800_G..N	G33N	1522377784	1522377757	true
G	133800_G..N	G32N	1522377904	1522377887	true
G	133800_G..N	G31N	1522377964	1522377947	true
G	133800_G..N	G30N	1522378084	1522378067	true
G	133800_G..N	G29N	1522378264	1522378192	true
G	133800_G..N	G28N	1522378369	1522378352	true
G	133800_G..N	G26N	1522378534	1522378457	true
G	133800_G..N	G24N	1522378684	1522378668	false
G	133800_G..N	G22N	1522378684	1522378733	false
G	135000_G..N	F27N	1522376974	1522377000	false
G	135000_G..N	F26N	1522376974	1522377120	false
G	135000_G..N	F25N	1522376974	1522377270	false
G	135000_G..N	F24N	1522376974	1522377390	false
G	135000_G..N	F23N	1522376974	1522377510	false
G	135000_G..N	F22N	1522376974	1522377600	false
G	135000_G..N	F21N	1522376974	1522377720	false
G	135000_G..N	F20N	1522376974	1522377810	false
G	135000_G..N	A42N	1522376974	1522377900	false
G	135000_G..N	G36N	1522376974	1522377990	false
G	135000_G..N	G35N	1522376974	1522378080	false
G	135000_G..N	G34N	1522376974	1522378170	false
G	135000_G..N	G33N	1522376974	1522378230	false
G	135000_G..N	G32N	1522376974	1522378320	false
G	135000_G..N	G31N	1522376974	1522378410	false
G	135000_G..N	G30N	1522376974	1522378470	false
G	135000_G..N	G29N	1522376974	1522378560	false
G	135000_G..N	G28N	1522376974	1522378710	false
G	135000_G..N	G26N	1522376974	1522378770	false
G	135000_G..N	G24N	1522376974	1522378920	false
G	135000_G..N	G22N	1522376974	1522378980	false
G	134606_G..S	G24S	1522376974	1522376902	false
G	134606_G..S	G26S	1522376974	1522377029	false
G	134606_G..S	G28S	1522376974	1522377089	false
G	134606_G..S	G29S	1522376974	1522377239	false
G	134606_G..S	G30S	1522377364	1522377347	true
G	134606_G..S	G31S	1522377469	1522377457	true
G	134606_G..S	G32S	1522377589	1522377542	true
G	134606_G..S	G33S	1522377649	1522377637	true
G	134606_G..S	G34S	1522377740	1522377727	true
G	134606_G..S	G35S	1522377829	1522377807	true
G	134606_G..S	G36S	1522377919	1522377892	true
G	134606_G..S	A42S	1522378024	1522378002	true
G	134606_G..S	F20S	1522378129	1522378107	true
G	134606_G..S	F21S	1522378234	1522378197	true
G	134606_G..S	F22S	1522378324	1522378307	true
G	134606_G..S	F23S	1522378445	1522378407	true
G	134606_G..S	F24S	1522378549	1522378517	true
G	134606_G..S	F25S	1522378684	1522378622	true
G	134606_G..S	F26S	1522378744	1522378727	false
G	134606_G..S	F27S	1522378744	1522378793	false
G	135800_G..S	G22S	1522377499	1522377480	false
G	135800_G..S	G24S	1522377499	1522377540	false
G	135800_G..S	G26S	1522377499	1522377690	false
G	135800_G..S	G28S	1522377499	1522377750	false
G	135800_G..S	G29S	1522377499	1522377900	false
G	135800_G..S	G30S	1522377499	1522377990	false
G	135800_G..S	G31S	1522377499	1522378050	false
G	135800_G..S	G32S	1522377499	1522378140	false
G	135800_G..S	G33S	1522377499	1522378230	false
G	135800_G..S	G34S	1522377499	1522378290	false
G	135800_G..S	G35S	1522377499	1522378380	false
G	135800_G..S	G36S	1522377499	1522378470	false
G	135800_G..S	A42S	1522377499	1522378560	false
G	135800_G..S	F20S	1522377499	1522378650	false
G	135800_G..S	F21S	1522377499	1522378740	false
G	135800_G..S	F22S	1522377499	1522378860	false
G	135800_G..S	F23S	1522377499	1522378980	false
G	135800_G..S	F24S	1522377499	1522379070	false
G	135800_G..S	F25S	1522377499	1522379160	false
G	135800_G..S	F26S	1522377499	1522379310	false
G	135800_G..S	F27S	1522377499	1522379400	false
G	136250_G..N	F27N	1522377589	1522377750	false
G	136250_G..N	F26N	1522377589	1522377870	false
G	136250_G..N	F25N	1522377589	1522378020	false
G	136250_G..N	F24N	1522377589	1522378140	false
G	136250_G..N	F23N	1522377589	1522378260	false
G	136250_G..N	F22N	1522377589	1522378350	false
G	136250_G..N	F21N	1522377589	1522378470	false
G	136250_G..N	F20N	1522377589	1522378560	false
G	136250_G..N	A42N	1522377589	1522378650	false
G	136250_G..N	G36N	1522377589	1522378740	false
G	136250_G..N	G35N	1522377589	1522378830	false
G	136250_G..N	G34N	1522377589	1522378920	false
G	136250_G..N	G33N	1522377589	1522378980	false
G	136250_G..N	G32N	1522377589	1522379070	false
G	136250_G..N	G31N	1522377589	1522379160	false
G	136250_G..N	G30N	1522377589	1522379220	false
G	136250_G..N	G29N	1522377589	1522379310	false
G	136250_G..N	G28N	1522377589	1522379460	false
G	136250_G..N	G26N	1522377589	1522379520	false
G	136250_G..N	G24N	1522377589	1522379670	false
G	136250_G..N	G22N	1522377589	1522379730	false
G	137500_G..N	F27N	1522378534	1522378500	false
G	137500_G..N	F26N	1522378534	1522378620	false
G	137500_G..N	F25N	1522378534	1522378770	false
G	137500_G..N	F24N	1522378534	1522378890	false
G	137500_G..N	F23N	1522378534	1522379010	false
G	137500_G..N	F22N	1522378534	1522379100	false
G	137500_G..N	F21N	1522378534	1522379220	false
G	137500_G..N	F20N	1522378534	1522379310	false
G	137500_G..N	A42N	1522378534	1522379400	false
G	137500_G..N	G36N	1522378534	1522379490	false
G	137500_G..N	G35N	1522378534	1522379580	false
G	137500_G..N	G34N	1522378534	1522379670	false
G	137500_G..N	G33N	1522378534	1522379730	false
G	137500_G..N	G32N	1522378534	1522379820	false
G	137500_G..N	G31N	1522378534	1522379910	false
G	137500_G..N	G30N	1522378534	1522379970	false
G	137500_G..N	G29N	1522378534	1522380060	false
G	137500_G..N	G28N	1522378534	1522380210	false
G	137500_G..N	G26N	1522378534	1522380270	false
G	137500_G..N	G24N	1522378534	1522380420	false
G	137500_G..N	G22N	1522378534	1522380480	false
G	137050_G..S	G22S	1522378294	1522378230	true
G	137050_G..S	G24S	1522378369	1522378290	false
G	137050_G..S	G26S	1522378369	1522378440	false
G	137050_G..S	G28S	1522378369	1522378500	false
G	137050_G..S	G29S	1522378369	1522378650	false
G	137050_G..S	G30S	1522378369	1522378740	false
G	137050_G..S	G31S	1522378369	1522378800	false
G	137050_G..S	G32S	1522378369	1522378890	false
G	137050_G..S	G33S	1522378369	1522378980	false
G	137050_G..S	G34S	1522378369	1522379040	false
G	137050_G..S	G35S	1522378369	1522379130	false
G	137050_G..S	G36S	1522378369	1522379220	false
G	137050_G..S	A42S	1522378369	1522379355	false
G	137050_G..S	F20S	1522378369	1522379490	false
G	137050_G..S	F21S	1522378369	1522379580	false
G	137050_G..S	F22S	1522378369	1522379700	false
G	137050_G..S	F23S	1522378369	1522379820	false
G	137050_G..S	F24S	1522378369	1522379910	false
G	137050_G..S	F25S	1522378369	1522380000	false
G	137050_G..S	F26S	1522378369	1522380150	false
G	137050_G..S	F27S	1522378369	1522380240	false
G	135200_G..N	F26N	1522377364	1522377287	true
G	135200_G..N	F25N	1522377484	1522377432	true
G	135200_G..N	F24N	1522377589	1522377542	true
G	135200_G..N	F23N	1522377649	1522377637	true
G	135200_G..N	F22N	1522377784	1522377752	true
G	135200_G..N	F21N	1522377904	1522377887	true
G	135200_G..N	F20N	1522377994	1522377982	true
G	135200_G..N	A42N	1522378114	1522378087	true
G	135200_G..N	G36N	1522378204	1522378187	true
G	135200_G..N	G35N	1522378279	1522378272	true
G	135200_G..N	G34N	1522378369	1522378357	true
G	135200_G..N	G33N	1522378459	1522378442	true
G	135200_G..N	G32N	1522378564	1522378547	true
G	135200_G..N	G31N	1522378625	1522378607	true
G	135200_G..N	G30N	1522378744	1522378727	true
G	135200_G..N	G29N	1522378879	1522378817	true
G	135200_G..N	G28N	1522378985	1522378962	true
G	135200_G..N	G26N	1522379120	1522379052	true
G	135200_G..N	G24N	1522379240	1522379232	true
G	135200_G..N	G22N	1522379870	1522379232	true
G	138250_G..S	G22S	1522378985	1522378950	false
G	138250_G..S	G24S	1522378985	1522379010	false
G	138250_G..S	G26S	1522378985	1522379160	false
G	138250_G..S	G28S	1522378985	1522379220	false
G	138250_G..S	G29S	1522378985	1522379370	false
G	138250_G..S	G30S	1522378985	1522379460	false
G	138250_G..S	G31S	1522378985	1522379520	false
G	138250_G..S	G32S	1522378985	1522379610	false
G	138250_G..S	G33S	1522378985	1522379700	false
G	138250_G..S	G34S	1522378985	1522379760	false
G	138250_G..S	G35S	1522378985	1522379850	false
G	138250_G..S	G36S	1522378985	1522379940	false
G	138250_G..S	A42S	1522378985	1522380030	false
G	138250_G..S	F20S	1522378985	1522380120	false
G	138250_G..S	F21S	1522378985	1522380210	false
G	138250_G..S	F22S	1522378985	1522380330	false
G	138250_G..S	F23S	1522378985	1522380450	false
G	138250_G..S	F24S	1522378985	1522380540	false
G	138250_G..S	F25S	1522378985	1522380630	false
G	138250_G..S	F26S	1522378985	1522380780	false
G	138250_G..S	F27S	1522378985	1522380870	false
G	135838_G..S	G22S	1522377529	1522377517	true
G	135838_G..S	G24S	1522377649	1522377602	true
G	135838_G..S	G26S	1522377769	1522377757	true
G	135838_G..S	G28S	1522377904	1522377857	true
G	135838_G..S	G29S	1522377994	1522377982	true
G	135838_G..S	G30S	1522378084	1522378067	true
G	135838_G..S	G31S	1522378174	1522378162	true
G	135838_G..S	G32S	1522378309	1522378272	true
G	135838_G..S	G33S	1522378400	1522378392	true
G	135838_G..S	G34S	1522378474	1522378462	true
G	135838_G..S	G35S	1522378564	1522378542	true
G	135838_G..S	G36S	1522378669	1522378632	true
G	135838_G..S	A42S	1522378789	1522378747	true
G	135838_G..S	F20S	1522378985	1522378967	true
G	135838_G..S	F21S	1522379090	1522379052	true
G	135838_G..S	F22S	1522379180	1522379172	true
G	135838_G..S	F23S	1522379315	1522379277	true
G	135838_G..S	F24S	1522379419	1522379392	true
G	135838_G..S	F25S	1522379584	1522379512	true
G	135838_G..S	F26S	1522379734	1522379667	true
G	135838_G..S	F27S	1522379765	1522379728	true
G	136200_G..N	F27N	1522377769	1522377738	true
G	136200_G..N	F26N	1522377904	1522377842	true
G	136200_G..N	F25N	1522378024	1522377992	true
G	136200_G..N	F24N	1522378144	1522378107	true
G	136200_G..N	F23N	1522378219	1522378212	true
G	136200_G..N	F22N	1522378369	1522378337	true
G	136200_G..N	F21N	1522378459	1522378442	true
G	136200_G..N	F20N	1522378564	1522378542	true
G	136200_G..N	A42N	1522378684	1522378657	true
G	136200_G..N	G36N	1522378775	1522378757	true
G	136200_G..N	G35N	1522378865	1522378842	true
G	136200_G..N	G34N	1522378925	1522378907	true
G	136200_G..N	G33N	1522379045	1522379017	true
G	136200_G..N	G32N	1522379165	1522379147	true
G	136200_G..N	G31N	1522379225	1522379207	true
G	136200_G..N	G30N	1522379330	1522379302	true
G	136200_G..N	G29N	1522379480	1522379417	true
G	136200_G..N	G28N	1522379584	1522379567	true
G	136200_G..N	G26N	1522379705	1522379657	true
G	136200_G..N	G24N	1522379855	1522379842	true
G	136200_G..N	G22N	1522379900	1522379847	true
G	139300_G..N	F27N	1522379630	1522379602	true
G	139300_G..N	F26N	1522379810	1522379727	true
G	139300_G..N	F25N	1522379915	1522379877	true
G	139300_G..N	F24N	1522380020	1522379977	true
G	139300_G..N	F23N	1522380110	1522380097	true
G	139300_G..N	F22N	1522380230	1522380202	true
G	139300_G..N	F21N	1522380335	1522380312	true
G	139300_G..N	F20N	1522380455	1522380427	true
G	139300_G..N	A42N	1522380544	1522380527	true
G	139300_G..N	G36N	1522380650	1522380632	true
G	139300_G..N	G35N	1522380740	1522380732	true
G	139300_G..N	G34N	1522380830	1522380812	true
G	139300_G..N	G33N	1522380919	1522380892	true
G	139300_G..N	G32N	1522381025	1522381007	true
G	139300_G..N	G31N	1522381100	1522381087	true
G	139300_G..N	G30N	1522381264	1522381222	true
G	139300_G..N	G29N	1522381430	1522381352	true
G	139300_G..N	G28N	1522381460	1522381452	false
G	139300_G..N	G26N	1522381460	1522381516	false
G	139300_G..N	G24N	1522381460	1522381666	false
G	139300_G..N	G22N	1522381460	1522381726	false
G	139450_G..S	G22S	1522379660	1522379670	false
G	139450_G..S	G24S	1522379660	1522379730	false
G	139450_G..S	G26S	1522379660	1522379880	false
G	139450_G..S	G28S	1522379660	1522379940	false
G	139450_G..S	G29S	1522379660	1522380090	false
G	139450_G..S	G30S	1522379660	1522380180	false
G	139450_G..S	G31S	1522379660	1522380240	false
G	139450_G..S	G32S	1522379660	1522380330	false
G	139450_G..S	G33S	1522379660	1522380420	false
G	139450_G..S	G34S	1522379660	1522380480	false
G	139450_G..S	G35S	1522379660	1522380570	false
G	139450_G..S	G36S	1522379660	1522380660	false
G	139450_G..S	A42S	1522379660	1522380750	false
G	139450_G..S	F20S	1522379660	1522380840	false
G	139450_G..S	F21S	1522379660	1522380930	false
G	139450_G..S	F22S	1522379660	1522381050	false
G	139450_G..S	F23S	1522379660	1522381170	false
G	139450_G..S	F24S	1522379660	1522381260	false
G	139450_G..S	F25S	1522379660	1522381350	false
G	139450_G..S	F26S	1522379660	1522381500	false
G	139450_G..S	F27S	1522379660	1522381590	false
G	137150_G..S	G24S	1522378519	1522378437	true
G	137150_G..S	G26S	1522378625	1522378607	true
G	137150_G..S	G28S	1522378759	1522378712	true
G	137150_G..S	G29S	1522378894	1522378882	true
G	137150_G..S	G30S	1522378970	1522378957	true
G	137150_G..S	G31S	1522379060	1522379047	true
G	137150_G..S	G32S	1522379180	1522379152	true
G	137150_G..S	G33S	1522379255	1522379242	true
G	137150_G..S	G34S	1522379330	1522379317	true
G	137150_G..S	G35S	1522379419	1522379407	true
G	137150_G..S	G36S	1522379525	1522379502	true
G	137150_G..S	A42S	1522379630	1522379612	true
G	137150_G..S	F20S	1522379765	1522379747	true
G	137150_G..S	F21S	1522379884	1522379847	true
G	137150_G..S	F22S	1522379975	1522379962	true
G	137150_G..S	F23S	1522380125	1522380092	true
G	137150_G..S	F24S	1522380230	1522380217	true
G	137150_G..S	F25S	1522380425	1522380332	true
G	137150_G..S	F26S	1522380575	1522380497	true
G	137150_G..S	F27S	1522380590	1522380568	true
G	137600_G..N	F27N	1522378669	1522378632	true
G	137600_G..N	F26N	1522378805	1522378737	true
G	137600_G..N	F25N	1522378925	1522378882	true
G	137600_G..N	F24N	1522379045	1522378997	true
G	137600_G..N	F23N	1522379135	1522379122	true
G	137600_G..N	F22N	1522379255	1522379217	true
G	137600_G..N	F21N	1522379360	1522379337	true
G	137600_G..N	F20N	1522379495	1522379472	true
G	137600_G..N	A42N	1522379600	1522379577	true
G	137600_G..N	G36N	1522379705	1522379677	true
G	137600_G..N	G35N	1522379794	1522379782	true
G	137600_G..N	G34N	1522379870	1522379852	true
G	137600_G..N	G33N	1522380005	1522379957	true
G	137600_G..N	G32N	1522380079	1522380067	true
G	137600_G..N	G31N	1522380170	1522380152	true
G	137600_G..N	G30N	1522380305	1522380277	true
G	137600_G..N	G29N	1522380499	1522380417	true
G	137600_G..N	G28N	1522380650	1522380632	true
G	137600_G..N	G26N	1522380830	1522380747	true
G	137600_G..N	G24N	1522380964	1522380957	true
G	137600_G..N	G22N	1522380995	1522380979	true
G	140850_G..S	G22S	1522380544	1522380510	true
G	140850_G..S	G24S	1522380709	1522380642	true
G	140850_G..S	G26S	1522380815	1522380802	true
G	140850_G..S	G28S	1522381010	1522380942	true
G	140850_G..S	G29S	1522381100	1522381092	true
G	140850_G..S	G30S	1522381235	1522381222	true
G	140850_G..S	G31S	1522381385	1522381377	true
G	140850_G..S	G32S	1522381460	1522381452	false
G	140850_G..S	G33S	1522381460	1522381516	false
G	140850_G..S	G34S	1522381460	1522381576	false
G	140850_G..S	G35S	1522381460	1522381666	false
G	140850_G..S	G36S	1522381460	1522381756	false
G	140850_G..S	A42S	1522381460	1522381846	false
G	140850_G..S	F20S	1522381460	1522381936	false
G	140850_G..S	F21S	1522381460	1522382026	false
G	140850_G..S	F22S	1522381460	1522382146	false
G	140850_G..S	F23S	1522381460	1522382266	false
G	140850_G..S	F24S	1522381460	1522382356	false
G	140850_G..S	F25S	1522381460	1522382446	false
G	140850_G..S	F26S	1522381460	1522382596	false
G	140850_G..S	F27S	1522381460	1522382686	false
G	141150_G..N	F27N	1522380709	1522380690	false
G	141150_G..N	F26N	1522380709	1522380810	false
G	141150_G..N	F25N	1522380709	1522380960	false
G	141150_G..N	F24N	1522380709	1522381080	false
G	141150_G..N	F23N	1522380709	1522381200	false
G	141150_G..N	F22N	1522380709	1522381290	false
G	141150_G..N	F21N	1522380709	1522381410	false
G	141150_G..N	F20N	1522380709	1522381500	false
G	141150_G..N	A42N	1522380709	1522381590	false
G	141150_G..N	G36N	1522380709	1522381680	false
G	141150_G..N	G35N	1522380709	1522381770	false
G	141150_G..N	G34N	1522380709	1522381860	false
G	141150_G..N	G33N	1522380709	1522381920	false
G	141150_G..N	G32N	1522380709	1522382010	false
G	141150_G..N	G31N	1522380709	1522382100	false
G	141150_G..N	G30N	1522380709	1522382160	false
G	141150_G..N	G29N	1522380709	1522382250	false
G	141150_G..N	G28N	1522380709	1522382400	false
G	141150_G..N	G26N	1522380709	1522382460	false
G	141150_G..N	G24N	1522380709	1522382610	false
G	141150_G..N	G22N	1522380709	1522382670	false
G	138300_G..S	G24S	1522379149	1522379087	true
G	138300_G..S	G26S	1522379285	1522379267	true
G	138300_G..S	G28S	1522379419	1522379372	true
G	138300_G..S	G29S	1522379540	1522379532	true
G	138300_G..S	G30S	1522379630	1522379617	true
G	138300_G..S	G31S	1522379734	1522379722	true
G	138300_G..S	G32S	1522379855	1522379827	true
G	138300_G..S	G33S	1522379945	1522379922	true
G	138300_G..S	G34S	1522380020	1522380012	true
G	138300_G..S	G35S	1522380125	1522380102	true
G	138300_G..S	G36S	1522380230	1522380207	true
G	138300_G..S	A42S	1522380335	1522380322	true
G	138300_G..S	F20S	1522380439	1522380422	true
G	138300_G..S	F21S	1522380544	1522380527	true
G	138300_G..S	F22S	1522380650	1522380637	true
G	138300_G..S	F23S	1522380784	1522380767	true
G	138300_G..S	F24S	1522380919	1522380902	true
G	138300_G..S	F25S	1522381085	1522381012	true
G	138300_G..S	F26S	1522381205	1522381172	true
G	138300_G..S	F27S	1522381460	1522381197	true
G	142250_G..S	G22S	1522381354	1522381350	false
G	142250_G..S	G24S	1522381354	1522381410	false
G	142250_G..S	G26S	1522381354	1522381560	false
G	142250_G..S	G28S	1522381354	1522381620	false
G	142250_G..S	G29S	1522381354	1522381770	false
G	142250_G..S	G30S	1522381354	1522381860	false
G	142250_G..S	G31S	1522381354	1522381920	false
G	142250_G..S	G32S	1522381354	1522382010	false
G	142250_G..S	G33S	1522381354	1522382100	false
G	142250_G..S	G34S	1522381354	1522382160	false
G	142250_G..S	G35S	1522381354	1522382250	false
G	142250_G..S	G36S	1522381354	1522382340	false
G	142250_G..S	A42S	1522381354	1522382460	false
G	142250_G..S	F20S	1522381354	1522382580	false
G	142250_G..S	F21S	1522381354	1522382670	false
G	142250_G..S	F22S	1522381354	1522382760	false
G	142250_G..S	F23S	1522381354	1522382850	false
G	142250_G..S	F24S	1522381354	1522382940	false
G	142250_G..S	F25S	1522381354	1522383030	false
G	142250_G..S	F26S	1522381354	1522383180	false
G	142250_G..S	F27S	1522381354	1522383270	false
G	139400_G..S	G24S	1522379810	1522379732	true
G	139400_G..S	G26S	1522379900	1522379892	true
G	139400_G..S	G28S	1522380035	1522379982	true
G	139400_G..S	G29S	1522380125	1522380102	true
G	139400_G..S	G30S	1522380214	1522380202	true
G	139400_G..S	G31S	1522380305	1522380282	true
G	139400_G..S	G32S	1522380455	1522380387	true
G	139400_G..S	G33S	1522380560	1522380547	true
G	139400_G..S	G34S	1522380650	1522380637	true
G	139400_G..S	G35S	1522380740	1522380722	true
G	139400_G..S	G36S	1522380830	1522380807	true
G	139400_G..S	A42S	1522380935	1522380912	true
G	139400_G..S	F20S	1522381040	1522381027	true
G	139400_G..S	F21S	1522381145	1522381112	true
G	139400_G..S	F22S	1522381220	1522381212	true
G	139400_G..S	F23S	1522381370	1522381332	true
G	139400_G..S	F24S	1522381460	1522381442	false
G	139400_G..S	F25S	1522381460	1522381516	false
G	139400_G..S	F26S	1522381460	1522381666	false
G	139400_G..S	F27S	1522381460	1522381756	false
G	142900_G..N	F27N	1522381460	1522381740	false
G	142900_G..N	F26N	1522381460	1522381860	false
G	142900_G..N	F25N	1522381460	1522382010	false
G	142900_G..N	F24N	1522381460	1522382130	false
G	142900_G..N	F23N	1522381460	1522382250	false
G	142900_G..N	F22N	1522381460	1522382340	false
G	142900_G..N	F21N	1522381460	1522382460	false
G	142900_G..N	F20N	1522381460	1522382550	false
G	142900_G..N	A42N	1522381460	1522382640	false
G	142900_G..N	G36N	1522381460	1522382730	false
G	142900_G..N	G35N	1522381460	1522382820	false
G	142900_G..N	G34N	1522381460	1522382910	false
G	142900_G..N	G33N	1522381460	1522382970	false
G	142900_G..N	G32N	1522381460	1522383060	false
G	142900_G..N	G31N	1522381460	1522383150	false
G	142900_G..N	G30N	1522381460	1522383210	false
G	142900_G..N	G29N	1522381460	1522383300	false
G	142900_G..N	G28N	1522381460	1522383450	false
G	142900_G..N	G26N	1522381460	1522383510	false
G	142900_G..N	G24N	1522381460	1522383660	false
G	142900_G..N	G22N	1522381460	1522383720	false
G	143750_G..S	G22S	1522381460	1522382250	false
G	143750_G..S	G24S	1522381460	1522382310	false
G	143750_G..S	G26S	1522381460	1522382460	false
G	143750_G..S	G28S	1522381460	1522382520	false
G	143750_G..S	G29S	1522381460	1522382670	false
G	143750_G..S	G30S	1522381460	1522382760	false
G	143750_G..S	G31S	1522381460	1522382820	false
G	143750_G..S	G32S	1522381460	1522382910	false
G	143750_G..S	G33S	1522381460	1522383000	false
G	143750_G..S	G34S	1522381460	1522383060	false
G	143750_G..S	G35S	1522381460	1522383150	false
G	143750_G..S	G36S	1522381460	1522383240	false
G	143750_G..S	A42S	1522381460	1522383330	false
G	143750_G..S	F20S	1522381460	1522383420	false
G	143750_G..S	F21S	1522381460	1522383510	false
G	143750_G..S	F22S	1522381460	1522383600	false
G	143750_G..S	F23S	1522381460	1522383690	false
G	143750_G..S	F24S	1522381460	1522383780	false
G	143750_G..S	F25S	1522381460	1522383870	false
G	143750_G..S	F26S	1522381460	1522384020	false
G	143750_G..S	F27S	1522381460	1522384110	false
G	141100_G..N	F26N	1522380830	1522380777	true
G	141100_G..N	F25N	1522380964	1522380917	true
G	141100_G..N	F24N	1522381085	1522381032	true
G	141100_G..N	F23N	1522381130	1522381117	true
G	141100_G..N	F22N	1522381280	1522381237	true
G	141100_G..N	F21N	1522381370	1522381357	true
G	141100_G..N	F20N	1522381460	1522381452	false
G	141100_G..N	A42N	1522381460	1522381516	false
G	141100_G..N	G36N	1522381460	1522381606	false
G	141100_G..N	G35N	1522381460	1522381696	false
G	141100_G..N	G34N	1522381460	1522381786	false
G	141100_G..N	G33N	1522381460	1522381846	false
G	141100_G..N	G32N	1522381460	1522381936	false
G	141100_G..N	G31N	1522381460	1522382026	false
G	141100_G..N	G30N	1522381460	1522382086	false
G	141100_G..N	G29N	1522381460	1522382176	false
G	141100_G..N	G28N	1522381460	1522382326	false
G	141100_G..N	G26N	1522381460	1522382386	false
G	141100_G..N	G24N	1522381460	1522382536	false
G	141100_G..N	G22N	1522381460	1522382596	false
G	000900_G..N	F27N	1522381460	1522382940	false
G	000900_G..N	F26N	1522381460	1522383030	false
G	000900_G..N	F25N	1522381460	1522383180	false
G	000900_G..N	F24N	1522381460	1522383270	false
G	000900_G..N	F23N	1522381460	1522383390	false
G	000900_G..N	F22N	1522381460	1522383480	false
G	000900_G..N	F21N	1522381460	1522383600	false
G	000900_G..N	F20N	1522381460	1522383690	false
G	000900_G..N	A42N	1522381460	1522383780	false
G	000900_G..N	G36N	1522381460	1522383870	false
G	000900_G..N	G35N	1522381460	1522383960	false
G	000900_G..N	G34N	1522381460	1522384050	false
G	000900_G..N	G33N	1522381460	1522384110	false
G	000900_G..N	G32N	1522381460	1522384200	false
G	000900_G..N	G31N	1522381460	1522384290	false
G	000900_G..N	G30N	1522381460	1522384350	false
G	000900_G..N	G29N	1522381460	1522384440	false
G	000900_G..N	G28N	1522381460	1522384590	false
G	000900_G..N	G26N	1522381460	1522384650	false
G	000900_G..N	G24N	1522381460	1522384800	false
G	000900_G..N	G22N	1522381460	1522384860	false
G	142200_G..S	G22S	1522381370	1522381357	true
G	142200_G..S	G24S	1522381460	1522381447	false
G	142200_G..S	G26S	1522381460	1522381527	false
G	142200_G..S	G28S	1522381460	1522381587	false
G	142200_G..S	G29S	1522381460	1522381737	false
G	142200_G..S	G30S	1522381460	1522381827	false
G	142200_G..S	G31S	1522381460	1522381887	false
G	142200_G..S	G32S	1522381460	1522381977	false
G	142200_G..S	G33S	1522381460	1522382067	false
G	142200_G..S	G34S	1522381460	1522382127	false
G	142200_G..S	G35S	1522381460	1522382217	false
G	142200_G..S	G36S	1522381460	1522382307	false
G	142200_G..S	A42S	1522381460	1522382427	false
G	142200_G..S	F20S	1522381460	1522382547	false
G	142200_G..S	F21S	1522381460	1522382637	false
G	142200_G..S	F22S	1522381460	1522382727	false
G	142200_G..S	F23S	1522381460	1522382817	false
G	142200_G..S	F24S	1522381460	1522382907	false
G	142200_G..S	F25S	1522381460	1522382997	false
G	142200_G..S	F26S	1522381460	1522383147	false
G	142200_G..S	F27S	1522381460	1522383237	false
G	001400_G..S	G22S	1522381460	1522383240	false
G	001400_G..S	G24S	1522381460	1522383300	false
G	001400_G..S	G26S	1522381460	1522383450	false
G	001400_G..S	G28S	1522381460	1522383510	false
G	001400_G..S	G29S	1522381460	1522383660	false
G	001400_G..S	G30S	1522381460	1522383750	false
G	001400_G..S	G31S	1522381460	1522383810	false
G	001400_G..S	G32S	1522381460	1522383900	false
G	001400_G..S	G33S	1522381460	1522383990	false
G	001400_G..S	G34S	1522381460	1522384050	false
G	001400_G..S	G35S	1522381460	1522384140	false
G	001400_G..S	G36S	1522381460	1522384230	false
G	001400_G..S	A42S	1522381460	1522384320	false
G	001400_G..S	F20S	1522381460	1522384410	false
G	001400_G..S	F21S	1522381460	1522384500	false
G	001400_G..S	F22S	1522381460	1522384620	false
G	001400_G..S	F23S	1522381460	1522384740	false
G	001400_G..S	F24S	1522381460	1522384830	false
G	001400_G..S	F25S	1522381460	1522384920	false
G	001400_G..S	F26S	1522381460	1522385070	false
G	001400_G..S	F27S	1522381460	1522385160	false